ScheduleID,ActivityID,FitnessCenterID,StartTime
1,457,647,2024-03-12 01:09:23
2,428,803,2024-09-06 06:35:44
3,211,325,2024-06-28 20:46:50
4,275,119,2024-05-27 00:01:17
5,314,316,2024-12-29 08:28:41
6,536,265,2024-10-24 03:28:28
7,547,937,2024-11-18 07:04:09
8,447,1,2024-03-28 09:41:58
9,132,33,2024-11-07 01:14:23
10,202,923,2024-08-22 06:43:46
11,653,315,2024-09-20 07:09:37
12,676,813,2024-11-29 02:59:58
13,317,196,2024-04-12 05:08:40
14,803,429,2024-03-07 07:05:04
15,280,145,2024-12-01 03:06:22
16,98,194,2024-07-06 19:46:07
17,613,256,2024-07-04 06:04:06
18,345,372,2025-01-01 03:35:17
19,837,259,2024-01-02 22:30:07
20,957,427,2024-12-17 23:39:58
21,658,485,2024-12-06 00:48:11
22,148,688,2025-01-10 04:25:52
23,592,189,2024-04-29 20:36:16
24,479,92,2024-09-21 04:59:38
25,839,19,2024-03-08 01:22:06
26,228,295,2024-09-29 17:56:03
27,556,999,2024-07-03 20:45:40
28,594,237,2024-02-12 23:18:15
29,234,931,2024-02-20 20:50:39
30,950,770,2024-02-20 05:49:31
31,674,442,2024-08-03 14:19:32
32,575,53,2024-07-20 09:55:44
33,708,934,2024-09-14 06:50:54
34,369,721,2024-07-02 15:25:42
35,649,330,2024-08-27 18:33:24
36,557,853,2024-09-09 09:59:19
37,956,998,2024-07-30 23:53:12
38,550,233,2024-09-05 00:52:31
39,122,887,2024-01-18 18:25:12
40,87,6,2024-05-11 03:53:40
41,220,767,2024-09-27 19:42:13
42,462,977,2025-03-03 08:43:08
43,889,761,2024-11-21 04:39:56
44,27,404,2024-02-29 23:40:35
45,289,521,2024-06-15 00:18:25
46,130,164,2025-02-01 03:46:45
47,120,308,2024-09-03 22:04:31
48,745,635,2024-09-08 11:05:50
49,912,849,2024-08-31 09:03:35
50,599,156,2024-07-13 20:36:54
51,92,69,2024-06-30 14:07:11
52,499,524,2024-07-15 04:55:58
53,35,799,2024-11-27 01:41:18
54,132,443,2025-03-14 04:37:38
55,736,102,2025-02-11 10:13:44
56,210,861,2024-02-03 17:17:23
57,742,137,2024-08-31 04:55:58
58,906,988,2024-08-21 16:41:04
59,400,971,2024-03-31 22:07:07
60,844,438,2024-01-09 04:26:38
61,398,248,2024-08-12 08:36:26
62,936,385,2024-08-27 16:48:32
63,395,467,2024-11-26 19:34:24
64,248,482,2025-02-27 15:57:43
65,167,983,2025-01-04 23:30:17
66,381,896,2024-04-01 06:39:38
67,263,404,2024-02-21 06:01:27
68,890,366,2025-03-06 02:11:31
69,416,938,2025-03-09 17:38:32
70,168,300,2025-02-10 11:30:41
71,231,770,2024-04-23 13:24:35
72,480,441,2024-11-24 06:01:32
73,984,817,2025-03-14 19:21:48
74,242,753,2024-09-23 16:27:01
75,603,674,2024-03-31 00:38:58
76,374,166,2024-11-26 01:15:31
77,14,249,2024-03-18 10:51:44
78,599,451,2024-01-10 11:38:44
79,760,291,2024-10-03 16:33:40
80,948,213,2024-03-17 10:20:55
81,674,681,2024-09-12 04:29:07
82,833,665,2024-09-24 18:42:11
83,738,150,2024-01-03 16:07:58
84,780,489,2025-02-08 20:57:41
85,471,301,2024-01-24 12:19:55
86,274,856,2024-07-21 21:00:46
87,402,487,2024-04-17 17:31:53
88,390,142,2025-01-21 16:59:47
89,769,235,2024-12-01 05:45:35
90,836,563,2024-10-31 11:31:45
91,379,105,2024-04-12 20:35:23
92,721,668,2025-02-14 11:20:16
93,865,769,2025-02-24 00:44:22
94,671,598,2024-03-05 08:26:14
95,417,523,2024-12-24 22:21:45
96,482,747,2024-07-17 04:09:13
97,996,512,2024-07-22 10:07:40
98,186,212,2024-07-18 07:30:58
99,55,660,2024-04-05 21:30:18
100,120,561,2024-06-03 17:11:12
101,291,116,2024-02-21 23:29:22
102,423,156,2024-11-23 05:23:14
103,41,85,2024-04-14 14:37:42
104,468,987,2024-04-12 23:24:58
105,152,285,2024-08-28 12:12:20
106,189,837,2024-10-20 07:39:28
107,433,393,2024-05-22 01:58:09
108,376,729,2025-01-04 07:15:47
109,785,379,2024-09-06 23:55:45
110,827,475,2024-11-22 07:58:45
111,403,367,2024-06-21 07:21:18
112,823,349,2024-08-25 02:12:04
113,670,8,2024-12-09 14:32:58
114,764,978,2024-08-28 06:30:03
115,342,433,2024-04-29 17:11:20
116,394,100,2024-04-14 03:41:53
117,62,127,2024-04-24 08:46:18
118,641,115,2024-07-04 12:18:24
119,255,722,2024-11-18 03:25:25
120,543,508,2024-01-31 05:12:23
121,881,694,2024-02-13 02:58:09
122,598,738,2024-02-05 03:31:20
123,151,572,2024-01-11 15:50:35
124,595,460,2024-03-20 20:11:31
125,291,338,2025-02-12 12:20:09
126,345,515,2024-11-09 22:14:34
127,107,976,2024-11-25 12:59:50
128,286,248,2024-10-12 23:11:41
129,169,830,2024-07-25 16:48:54
130,728,307,2024-01-01 07:06:38
131,862,999,2024-04-04 17:44:50
132,40,102,2024-12-22 16:42:45
133,225,252,2024-09-28 06:14:55
134,415,367,2024-05-13 09:04:06
135,634,303,2025-01-02 04:12:42
136,239,425,2024-04-30 11:20:17
137,361,349,2024-02-19 13:15:46
138,294,332,2024-07-21 02:43:19
139,287,101,2025-03-14 17:03:11
140,669,497,2024-09-03 06:30:23
141,911,368,2024-02-18 19:26:39
142,331,847,2024-04-08 12:09:18
143,488,185,2024-08-28 02:37:31
144,975,277,2024-06-22 17:09:42
145,514,915,2025-01-22 21:10:04
146,593,994,2024-06-12 01:18:46
147,917,323,2024-11-22 06:23:56
148,962,649,2025-01-12 13:18:30
149,624,955,2025-03-03 13:22:26
150,339,71,2024-08-08 11:52:38
151,518,29,2025-01-04 17:05:06
152,613,174,2024-01-27 15:18:47
153,230,770,2024-11-03 02:04:44
154,193,744,2024-01-13 03:19:33
155,282,200,2024-08-29 16:27:04
156,501,513,2024-11-15 20:03:30
157,415,427,2024-01-21 12:28:09
158,572,895,2025-03-03 07:47:18
159,515,10,2024-09-05 04:40:23
160,143,412,2025-03-08 20:51:59
161,286,900,2024-11-04 10:12:25
162,677,881,2024-03-31 03:15:02
163,702,469,2024-03-31 08:48:01
164,863,692,2024-05-07 01:36:09
165,775,51,2024-09-26 23:14:00
166,231,246,2024-12-16 08:52:58
167,372,241,2024-07-14 22:00:53
168,841,805,2025-01-20 20:40:29
169,796,25,2024-04-29 20:27:40
170,252,630,2025-02-04 09:12:48
171,732,884,2024-12-08 09:56:42
172,484,804,2024-04-30 03:57:02
173,181,877,2024-01-15 15:48:22
174,34,687,2024-06-18 21:52:25
175,739,934,2024-02-28 10:16:03
176,327,357,2025-02-12 01:49:43
177,155,465,2024-07-13 20:25:08
178,754,68,2025-02-08 05:47:55
179,45,487,2025-01-27 17:59:12
180,142,753,2024-04-15 05:37:02
181,205,139,2024-08-26 15:55:55
182,767,606,2024-09-14 14:25:02
183,163,779,2024-03-29 02:57:16
184,758,319,2024-08-05 19:01:49
185,809,348,2025-01-27 14:45:40
186,76,16,2024-10-05 21:37:47
187,934,298,2024-04-12 14:54:32
188,994,692,2024-07-12 00:13:29
189,334,602,2024-09-05 19:19:02
190,42,549,2024-12-26 21:19:55
191,477,676,2024-12-01 23:31:42
192,730,194,2024-08-03 22:18:26
193,279,227,2024-04-20 12:22:07
194,222,966,2024-08-15 21:46:59
195,221,554,2024-12-15 21:37:39
196,38,326,2024-08-03 19:10:49
197,465,787,2024-05-09 08:42:43
198,40,179,2024-12-21 21:34:07
199,68,188,2024-05-08 08:21:23
200,957,551,2025-03-02 19:59:30
201,169,20,2025-03-13 00:58:34
202,424,513,2025-01-10 00:01:29
203,34,570,2024-06-29 03:44:58
204,123,626,2024-11-16 10:08:59
205,865,47,2024-01-11 10:00:26
206,552,208,2024-03-22 08:45:48
207,776,641,2025-03-11 03:04:43
208,196,937,2025-02-13 00:00:52
209,246,830,2024-04-10 06:32:20
210,646,790,2025-01-14 22:41:34
211,491,806,2024-12-16 23:19:50
212,462,690,2024-03-11 08:28:20
213,628,98,2024-09-06 05:06:47
214,150,221,2024-01-14 10:09:21
215,804,4,2024-08-02 20:32:51
216,609,664,2024-03-01 17:59:14
217,119,100,2024-03-20 10:20:59
218,978,347,2024-06-16 19:23:35
219,686,292,2024-10-26 10:54:35
220,497,125,2024-03-11 01:41:04
221,283,4,2024-09-25 04:25:10
222,930,308,2025-02-03 16:40:37
223,689,381,2024-09-21 10:21:58
224,62,65,2024-02-18 18:43:08
225,379,921,2024-03-12 12:27:43
226,642,298,2024-06-06 14:46:43
227,711,27,2024-07-26 04:24:36
228,12,911,2025-02-20 03:40:01
229,197,925,2024-09-06 14:07:49
230,911,820,2024-04-15 03:37:15
231,742,708,2024-12-05 02:59:11
232,841,240,2024-07-23 02:26:23
233,618,808,2025-01-09 07:30:13
234,860,332,2024-08-26 08:57:06
235,996,424,2024-07-13 10:39:20
236,202,155,2024-08-16 05:42:52
237,595,103,2025-01-17 12:16:59
238,740,720,2024-09-25 05:03:44
239,321,38,2024-01-07 19:08:44
240,493,704,2024-11-08 05:39:02
241,823,225,2024-07-11 19:42:04
242,409,299,2024-06-27 22:09:33
243,319,70,2024-10-04 14:55:12
244,994,52,2024-09-14 08:27:10
245,634,609,2024-07-09 04:36:41
246,573,205,2024-05-04 20:58:43
247,583,151,2024-10-14 18:10:31
248,845,828,2025-01-04 04:07:20
249,349,236,2024-06-09 11:09:06
250,497,555,2024-07-02 07:26:35
251,479,19,2024-01-01 08:50:16
252,491,177,2024-11-25 00:00:52
253,701,972,2024-11-27 16:49:11
254,277,500,2024-06-08 16:28:08
255,702,525,2024-08-18 04:07:56
256,101,668,2024-12-18 19:51:36
257,869,123,2024-03-30 00:58:27
258,660,108,2025-01-26 09:45:09
259,432,396,2024-07-30 06:33:16
260,715,927,2025-01-13 15:05:23
261,842,283,2025-01-28 05:10:27
262,90,186,2024-05-22 17:01:00
263,784,803,2024-05-05 23:17:32
264,582,15,2024-04-11 10:47:02
265,688,449,2024-09-13 06:34:09
266,249,508,2024-02-27 22:17:12
267,923,337,2024-07-26 11:49:56
268,819,387,2024-12-22 12:13:02
269,444,789,2024-02-27 00:41:01
270,309,698,2024-11-21 10:37:58
271,91,50,2025-01-26 18:45:39
272,369,697,2024-04-03 03:11:55
273,10,403,2024-10-28 16:27:56
274,447,363,2024-09-30 20:59:03
275,722,946,2024-03-28 02:03:20
276,274,102,2025-03-04 09:06:55
277,568,435,2024-02-04 06:56:02
278,844,345,2024-08-17 19:28:18
279,413,726,2024-06-08 03:14:03
280,513,298,2025-01-12 17:02:50
281,39,448,2024-10-03 13:37:12
282,671,825,2024-12-15 18:25:44
283,99,938,2024-02-25 12:16:32
284,6,714,2024-07-15 21:56:55
285,152,581,2024-11-21 01:14:40
286,930,557,2025-02-11 10:45:05
287,604,368,2024-10-30 06:06:24
288,460,375,2024-12-07 07:46:09
289,485,433,2024-04-24 15:28:45
290,317,180,2025-01-27 18:10:57
291,700,286,2024-06-03 08:16:50
292,790,108,2024-10-11 07:49:54
293,361,673,2024-01-07 22:03:06
294,667,143,2024-01-22 12:36:27
295,88,785,2024-08-16 03:51:57
296,127,101,2025-02-17 02:38:30
297,770,312,2024-12-08 23:10:40
298,853,194,2024-06-10 05:11:14
299,676,632,2024-11-27 10:01:54
300,527,854,2024-03-11 11:45:56
301,860,629,2024-10-15 23:25:57
302,869,222,2025-02-14 00:27:57
303,850,703,2025-02-15 15:32:17
304,643,965,2024-06-20 14:59:30
305,64,475,2024-11-22 12:20:56
306,43,689,2025-03-07 15:08:40
307,433,756,2024-05-03 10:18:26
308,758,608,2024-11-02 20:40:08
309,54,55,2024-11-29 07:00:25
310,176,659,2025-01-26 19:04:56
311,185,984,2025-03-13 13:14:49
312,73,30,2024-09-11 09:44:01
313,429,867,2025-02-01 14:01:37
314,322,427,2024-02-02 01:51:31
315,283,859,2024-06-25 12:02:23
316,128,630,2024-06-04 17:33:42
317,628,800,2024-01-31 03:36:06
318,516,62,2024-07-02 21:38:01
319,16,540,2024-07-25 04:26:29
320,332,567,2024-07-10 20:43:55
321,965,597,2024-07-22 13:26:44
322,564,704,2024-12-25 06:51:18
323,952,90,2024-10-04 08:08:07
324,657,589,2024-08-28 13:22:47
325,442,190,2024-01-25 20:45:37
326,488,9,2024-03-06 04:43:03
327,146,995,2025-02-19 00:12:49
328,929,989,2024-06-26 10:14:38
329,580,747,2024-08-05 20:36:03
330,479,938,2024-12-24 20:34:02
331,341,575,2024-11-11 00:26:00
332,56,927,2024-05-22 01:50:33
333,235,222,2024-08-29 04:42:01
334,482,354,2024-10-14 17:49:34
335,277,260,2024-06-29 04:36:43
336,221,886,2024-12-28 02:16:18
337,101,11,2025-01-03 05:47:05
338,793,171,2025-02-18 17:11:33
339,172,27,2025-03-12 15:40:52
340,166,39,2024-06-15 04:41:08
341,841,635,2024-05-09 16:22:22
342,493,669,2025-03-02 14:14:01
343,30,416,2024-06-28 15:38:27
344,873,353,2024-09-13 18:33:04
345,743,373,2024-09-04 19:48:26
346,492,113,2024-05-18 16:30:38
347,319,501,2024-06-15 17:08:13
348,488,374,2024-07-14 11:42:04
349,883,931,2024-02-23 05:51:30
350,14,342,2024-01-13 20:19:22
351,4,65,2024-12-12 23:08:43
352,863,153,2024-11-15 00:09:16
353,808,43,2024-05-31 20:13:00
354,253,828,2025-01-27 02:31:34
355,674,898,2025-02-06 23:54:29
356,464,399,2024-03-13 01:06:47
357,473,129,2024-06-22 00:25:20
358,567,135,2024-06-15 16:03:21
359,298,521,2025-01-24 19:17:42
360,288,464,2024-04-02 05:50:08
361,523,617,2024-03-28 08:18:02
362,326,998,2024-01-31 08:20:10
363,70,562,2025-01-02 13:04:51
364,957,35,2024-04-18 03:39:03
365,609,841,2024-05-02 19:45:51
366,313,61,2024-05-23 15:16:32
367,961,360,2025-03-07 14:52:57
368,715,224,2025-01-23 08:36:52
369,238,587,2024-09-20 09:54:08
370,217,928,2024-07-17 08:08:06
371,739,101,2025-01-17 23:47:27
372,382,970,2024-08-29 01:11:03
373,991,794,2024-08-23 18:17:15
374,790,242,2024-09-13 20:16:08
375,897,333,2024-03-10 13:42:28
376,110,48,2024-12-29 04:55:50
377,539,765,2024-05-08 22:59:33
378,720,147,2024-02-09 22:46:36
379,703,171,2024-01-25 02:02:12
380,986,838,2024-08-25 22:53:40
381,92,506,2025-01-09 14:49:27
382,846,251,2024-06-27 13:09:48
383,261,229,2024-03-01 10:41:38
384,483,755,2024-10-14 02:54:27
385,393,158,2024-01-14 14:50:41
386,320,297,2024-06-17 10:20:04
387,136,916,2024-05-22 14:20:14
388,86,380,2024-01-17 10:55:00
389,962,18,2024-04-15 01:06:36
390,467,588,2024-09-26 05:25:48
391,840,7,2024-11-13 12:41:10
392,57,681,2024-05-25 11:06:55
393,120,855,2025-03-01 12:13:12
394,446,860,2024-04-11 19:34:49
395,534,866,2025-01-27 20:45:24
396,242,325,2024-01-12 01:31:49
397,639,891,2024-06-12 17:10:01
398,681,964,2024-12-26 15:57:14
399,426,329,2024-12-19 02:38:38
400,605,188,2024-05-24 12:09:06
401,146,335,2024-06-14 11:47:27
402,714,693,2024-06-06 22:24:54
403,318,892,2024-10-23 12:57:33
404,28,153,2024-01-09 17:26:25
405,497,693,2024-03-12 18:12:06
406,437,700,2024-04-15 11:14:55
407,491,33,2024-05-04 12:02:09
408,698,592,2024-11-08 16:26:24
409,602,677,2024-06-11 19:34:23
410,868,564,2024-04-27 15:32:23
411,906,628,2024-07-17 03:57:13
412,765,706,2024-07-31 23:55:43
413,221,765,2024-05-27 05:05:41
414,495,581,2025-02-21 19:10:49
415,241,645,2024-12-07 14:49:51
416,199,75,2024-05-21 13:25:53
417,471,234,2025-01-25 15:25:08
418,559,228,2024-03-12 17:56:37
419,749,701,2024-05-08 01:24:36
420,181,420,2024-12-03 07:28:33
421,750,887,2024-04-06 10:13:32
422,126,406,2024-05-13 19:09:41
423,155,937,2025-02-06 10:05:22
424,23,256,2024-10-14 02:47:26
425,727,334,2024-01-27 20:26:17
426,407,696,2025-01-06 01:11:01
427,175,939,2024-02-26 10:48:42
428,795,500,2025-02-28 18:00:09
429,992,835,2024-06-05 08:36:39
430,226,501,2024-12-01 20:49:50
431,760,464,2025-03-06 20:45:11
432,755,497,2024-10-21 02:21:49
433,874,283,2024-08-01 21:14:40
434,212,305,2025-02-23 00:57:46
435,664,915,2024-02-23 02:47:54
436,843,205,2024-10-21 12:45:27
437,29,361,2024-12-14 11:46:22
438,919,315,2024-08-12 09:01:39
439,942,324,2024-02-27 13:54:27
440,139,661,2024-12-21 21:59:37
441,348,159,2024-02-07 14:09:44
442,681,969,2024-03-05 08:29:19
443,887,880,2024-04-01 02:28:05
444,586,2,2024-02-22 18:11:39
445,5,461,2025-01-05 14:35:16
446,795,501,2025-02-16 06:37:25
447,144,517,2024-04-06 06:00:16
448,466,895,2025-02-01 19:39:22
449,308,254,2024-11-07 12:32:09
450,796,833,2024-07-12 11:24:48
451,665,137,2024-11-24 02:43:34
452,566,926,2024-08-25 05:55:16
453,720,120,2024-01-15 12:15:04
454,267,111,2024-07-02 01:13:03
455,940,776,2024-04-13 15:57:31
456,326,140,2025-01-26 21:27:44
457,726,40,2024-10-23 06:46:46
458,976,17,2024-08-06 21:25:38
459,108,132,2025-02-06 20:38:26
460,699,772,2024-06-20 06:01:10
461,230,114,2024-01-01 09:07:11
462,1000,779,2024-03-22 19:00:07
463,585,341,2024-08-12 03:48:27
464,709,886,2024-02-23 11:57:14
465,424,506,2024-06-25 06:45:48
466,109,73,2024-10-31 11:03:44
467,648,31,2025-02-10 23:12:02
468,91,160,2024-04-23 04:43:05
469,807,945,2024-03-07 14:16:19
470,143,650,2024-10-16 00:40:49
471,250,592,2024-02-15 17:14:59
472,699,417,2024-06-25 22:53:41
473,768,495,2024-03-25 06:07:50
474,665,884,2024-12-17 20:00:18
475,139,912,2025-02-21 17:56:38
476,565,438,2024-01-25 12:42:10
477,867,332,2024-03-16 22:22:55
478,592,412,2024-03-03 06:28:49
479,982,105,2025-01-03 23:56:54
480,292,600,2025-02-18 19:15:00
481,363,75,2024-04-29 10:27:34
482,424,895,2024-07-01 18:46:06
483,827,700,2025-01-07 19:46:32
484,48,143,2024-02-28 07:31:24
485,159,590,2024-08-11 12:06:05
486,147,199,2025-02-14 16:27:22
487,24,127,2024-10-17 18:07:38
488,290,958,2024-05-26 06:50:00
489,239,456,2024-04-04 19:18:50
490,854,753,2024-09-27 08:34:39
491,726,488,2024-10-19 22:59:04
492,682,996,2025-02-03 10:59:16
493,745,921,2025-01-12 12:59:33
494,707,596,2025-01-11 16:00:52
495,653,101,2024-08-27 06:39:13
496,142,597,2024-09-28 13:36:50
497,36,321,2024-07-31 14:06:55
498,890,141,2024-03-10 13:50:23
499,468,382,2025-02-13 02:50:56
500,706,783,2025-01-04 11:47:26
501,234,3,2025-03-07 20:53:42
502,396,967,2024-07-28 08:05:34
503,243,567,2024-05-02 21:04:03
504,946,837,2024-04-01 07:41:01
505,66,640,2024-08-17 12:43:26
506,977,680,2024-09-15 19:41:24
507,87,427,2024-11-07 13:14:57
508,85,355,2024-11-08 10:08:32
509,227,185,2025-01-10 16:43:46
510,625,292,2024-11-10 21:39:24
511,506,625,2025-01-21 07:40:14
512,705,251,2024-03-11 15:19:06
513,278,617,2024-06-09 08:15:18
514,688,174,2024-09-16 04:56:50
515,320,833,2024-06-23 05:52:31
516,179,374,2024-08-31 19:25:12
517,956,623,2024-07-07 05:47:01
518,230,897,2025-01-06 00:07:31
519,430,283,2024-01-19 07:22:56
520,637,741,2024-03-19 11:32:00
521,913,516,2025-01-31 12:34:04
522,458,183,2024-09-22 08:09:36
523,619,995,2024-07-29 14:00:44
524,581,524,2025-01-02 19:13:51
525,160,673,2024-06-06 14:50:39
526,246,468,2024-03-02 05:27:09
527,121,165,2024-07-17 18:06:33
528,439,346,2025-01-31 13:26:19
529,184,901,2024-01-31 19:42:13
530,313,408,2024-09-06 03:55:40
531,521,421,2024-06-12 15:04:02
532,962,721,2024-08-08 23:01:48
533,172,441,2024-12-02 00:45:30
534,823,422,2025-01-11 14:41:07
535,112,311,2024-03-09 19:36:42
536,591,87,2025-01-06 00:45:42
537,516,51,2025-01-04 20:50:13
538,325,632,2024-03-10 09:27:20
539,69,596,2024-07-12 11:37:35
540,958,451,2024-01-22 20:23:46
541,655,200,2024-07-08 03:35:13
542,294,355,2024-04-16 04:50:57
543,185,109,2024-02-10 07:14:53
544,262,315,2024-01-23 05:53:15
545,783,253,2024-06-12 16:54:04
546,242,33,2024-02-17 19:48:41
547,222,855,2024-04-20 17:27:11
548,323,886,2024-11-11 00:04:02
549,220,169,2024-10-20 20:15:23
550,459,218,2024-10-18 00:18:39
551,992,736,2024-06-16 06:30:44
552,397,744,2024-05-07 08:56:06
553,767,124,2024-08-28 20:41:57
554,500,152,2024-06-05 02:32:03
555,827,9,2025-03-01 05:19:29
556,733,856,2024-09-11 18:01:36
557,337,607,2024-05-29 18:07:01
558,644,988,2024-05-18 08:41:28
559,532,982,2024-01-16 06:01:31
560,655,98,2024-12-30 14:36:52
561,608,628,2024-08-31 18:47:02
562,701,814,2024-09-28 09:12:38
563,57,909,2024-11-25 06:19:17
564,848,888,2024-11-24 17:50:57
565,633,817,2025-02-19 13:14:34
566,397,874,2024-06-01 16:45:12
567,681,674,2024-07-09 15:08:54
568,157,950,2025-03-14 06:57:02
569,241,568,2024-11-23 18:01:38
570,402,226,2025-01-26 09:11:46
571,493,867,2024-10-03 19:44:28
572,183,427,2024-09-24 19:15:28
573,95,460,2024-04-07 18:29:45
574,882,747,2024-01-21 11:15:29
575,13,306,2024-07-15 07:24:50
576,34,188,2024-05-20 09:17:53
577,360,429,2024-10-07 22:22:12
578,238,563,2024-04-17 09:02:36
579,451,379,2024-02-29 09:53:10
580,316,539,2024-02-12 03:25:54
581,172,974,2024-07-07 09:12:17
582,484,697,2025-03-11 00:58:45
583,91,863,2024-05-10 09:36:11
584,959,979,2024-02-24 01:50:17
585,66,579,2024-01-05 13:49:25
586,864,137,2024-07-04 22:00:09
587,914,668,2024-03-26 05:39:22
588,359,387,2024-06-09 22:34:06
589,896,502,2024-03-22 01:39:39
590,768,995,2024-03-05 12:32:07
591,637,953,2024-10-25 11:06:14
592,600,547,2024-04-03 09:16:53
593,968,382,2024-09-15 09:26:23
594,619,239,2024-10-27 05:08:22
595,69,394,2024-10-28 07:07:01
596,239,221,2024-09-07 01:09:18
597,717,517,2025-01-05 20:00:29
598,384,184,2024-01-13 19:29:40
599,91,829,2024-02-16 00:00:49
600,813,249,2024-06-22 06:15:09
601,434,857,2024-09-24 11:57:38
602,974,845,2025-01-09 01:16:59
603,108,22,2024-01-01 13:15:51
604,988,462,2024-09-28 03:28:27
605,418,300,2024-07-10 19:20:43
606,103,454,2024-03-08 22:12:00
607,574,579,2024-10-23 04:32:45
608,534,999,2025-02-14 09:45:07
609,294,237,2024-04-08 23:34:39
610,313,981,2024-08-07 14:05:28
611,92,371,2024-12-22 07:28:30
612,33,301,2024-09-01 01:00:25
613,64,835,2024-08-30 00:20:42
614,314,163,2024-01-08 11:46:48
615,74,618,2024-12-03 08:11:27
616,235,271,2024-07-20 19:25:15
617,408,809,2024-03-29 15:03:23
618,648,620,2024-12-08 09:13:15
619,794,440,2024-02-13 19:11:46
620,897,907,2024-03-13 12:23:00
621,59,506,2025-02-23 10:48:11
622,995,134,2024-12-08 05:53:41
623,364,384,2025-01-15 08:57:10
624,67,672,2025-03-07 21:55:14
625,370,80,2024-01-21 15:58:10
626,723,115,2024-04-25 04:34:39
627,905,574,2024-03-17 10:16:01
628,382,507,2024-11-22 17:58:14
629,276,446,2024-09-03 01:56:36
630,650,700,2024-09-17 14:47:33
631,733,341,2024-04-20 12:55:36
632,71,400,2024-11-08 03:45:04
633,630,112,2025-02-27 05:31:14
634,643,714,2024-02-05 02:10:57
635,80,638,2024-04-10 16:50:33
636,653,163,2025-03-11 22:35:46
637,497,195,2024-01-12 00:07:13
638,950,17,2024-06-22 21:57:02
639,477,687,2024-11-12 02:25:56
640,875,43,2024-09-04 06:58:29
641,608,956,2024-07-07 22:07:58
642,797,615,2024-02-18 07:08:16
643,738,879,2025-01-26 09:45:16
644,139,701,2024-02-29 06:24:33
645,184,964,2025-01-06 14:13:39
646,20,869,2024-05-27 23:07:51
647,65,753,2024-08-04 10:00:51
648,148,713,2024-04-28 19:01:45
649,287,264,2024-01-26 14:16:56
650,196,742,2024-10-17 05:44:53
651,334,746,2024-01-25 11:40:46
652,939,790,2024-01-04 12:11:29
653,646,851,2024-08-30 21:19:22
654,873,224,2024-11-14 01:29:57
655,178,558,2024-12-24 09:51:29
656,903,554,2024-02-24 20:34:42
657,881,703,2024-10-04 01:23:58
658,509,932,2025-02-08 04:45:45
659,56,832,2024-12-09 04:51:27
660,771,8,2024-05-08 18:03:58
661,301,764,2024-12-13 05:28:32
662,698,597,2024-12-29 11:26:08
663,491,225,2024-08-08 01:19:08
664,216,897,2024-07-01 06:42:37
665,728,544,2024-09-04 14:18:27
666,380,3,2024-03-16 11:04:01
667,869,727,2024-07-03 06:08:07
668,476,567,2024-07-12 15:40:10
669,97,446,2024-04-16 02:28:56
670,48,266,2024-05-25 11:09:36
671,224,167,2024-12-09 02:32:19
672,950,952,2024-04-15 15:46:03
673,116,702,2025-01-16 18:19:55
674,576,255,2025-02-10 01:19:09
675,736,657,2024-06-20 16:02:06
676,770,179,2024-01-30 06:08:22
677,68,323,2024-04-07 12:38:59
678,320,216,2024-11-17 02:27:21
679,973,294,2024-01-20 18:30:39
680,945,532,2024-12-03 21:35:26
681,611,599,2024-10-16 16:51:28
682,660,120,2024-09-04 04:05:46
683,800,713,2024-05-05 12:46:51
684,745,272,2025-01-15 21:34:34
685,413,900,2024-07-07 12:01:21
686,845,437,2024-09-25 20:44:30
687,617,167,2024-09-27 07:10:04
688,736,829,2024-07-13 19:39:53
689,142,386,2024-03-19 17:13:39
690,877,911,2025-01-19 06:03:18
691,593,372,2024-01-16 01:54:31
692,83,315,2024-09-19 06:42:02
693,427,807,2024-06-22 13:09:51
694,144,35,2025-01-08 09:21:37
695,890,276,2024-12-18 06:39:50
696,123,853,2024-09-23 21:42:43
697,206,329,2024-04-18 19:52:42
698,382,442,2024-08-25 17:17:20
699,584,561,2024-09-29 16:12:12
700,836,719,2024-09-03 01:02:25
701,569,252,2025-01-12 22:42:36
702,189,247,2025-03-13 00:42:30
703,942,111,2024-01-10 04:56:24
704,504,927,2024-04-02 17:37:31
705,307,686,2024-07-22 11:10:35
706,41,398,2025-01-07 17:40:27
707,178,937,2024-01-06 09:46:25
708,225,10,2024-05-28 18:57:55
709,392,858,2024-09-06 10:14:09
710,190,822,2024-04-22 21:56:50
711,791,931,2024-12-07 08:48:30
712,130,936,2024-02-15 21:40:46
713,308,828,2024-11-17 00:41:34
714,1,723,2024-08-08 07:49:11
715,528,24,2024-08-05 15:22:38
716,201,942,2024-06-07 00:22:35
717,440,380,2024-06-23 16:52:39
718,758,374,2024-07-07 22:24:58
719,441,612,2024-05-05 09:53:12
720,284,652,2024-12-13 11:02:21
721,162,381,2024-08-04 05:18:40
722,152,396,2024-04-28 11:12:31
723,769,47,2024-10-08 06:45:23
724,632,301,2024-11-01 15:35:51
725,503,85,2024-11-26 20:55:53
726,14,513,2024-05-09 09:48:16
727,907,404,2024-02-21 20:25:08
728,92,499,2024-04-06 11:34:59
729,157,410,2024-03-25 10:50:12
730,700,446,2024-12-30 13:17:45
731,941,650,2024-06-25 06:33:08
732,266,637,2024-05-27 03:24:58
733,611,814,2024-10-01 16:56:58
734,352,431,2025-01-15 03:31:35
735,720,867,2024-11-18 15:05:31
736,637,873,2024-07-01 01:53:34
737,556,744,2024-10-10 21:55:35
738,957,789,2024-09-07 22:00:41
739,807,304,2025-01-07 19:55:06
740,620,292,2024-07-06 16:26:00
741,582,475,2024-12-31 20:44:00
742,752,816,2024-11-20 07:34:19
743,491,69,2024-10-16 20:50:00
744,673,361,2024-09-18 13:15:15
745,300,18,2024-09-04 04:36:44
746,894,169,2024-08-04 03:36:14
747,268,341,2024-06-14 07:13:22
748,766,103,2024-03-07 04:12:46
749,690,927,2025-02-18 01:20:28
750,376,130,2025-01-18 09:16:04
751,290,366,2025-02-10 16:16:28
752,241,570,2024-09-29 18:01:00
753,458,394,2024-04-25 13:43:22
754,192,7,2024-09-07 04:31:00
755,414,216,2024-07-06 00:38:41
756,200,699,2024-11-03 14:36:46
757,408,59,2024-08-05 02:36:40
758,2,595,2024-06-07 15:45:39
759,889,972,2024-06-26 11:18:10
760,644,410,2024-09-04 06:53:57
761,433,368,2024-05-06 01:51:13
762,142,321,2024-02-07 02:11:27
763,984,561,2024-03-25 12:51:33
764,238,660,2025-03-13 00:11:37
765,931,362,2024-05-17 09:58:16
766,784,151,2025-02-15 21:14:12
767,24,643,2024-12-08 20:58:20
768,138,63,2024-10-15 01:01:44
769,637,129,2024-05-25 23:14:56
770,380,246,2025-02-21 06:12:14
771,267,846,2025-02-04 03:53:00
772,789,433,2024-01-21 08:51:18
773,846,854,2024-08-02 09:56:36
774,791,395,2024-12-12 16:16:01
775,45,616,2024-06-13 23:43:09
776,778,652,2024-07-02 15:18:45
777,227,315,2025-03-06 18:56:00
778,597,922,2024-07-31 14:35:20
779,861,562,2024-05-08 21:43:51
780,141,296,2024-05-03 19:38:07
781,948,801,2025-03-09 12:22:18
782,57,815,2024-08-18 05:13:31
783,170,405,2024-05-03 12:58:54
784,839,160,2024-06-04 01:36:11
785,807,60,2024-08-20 15:02:52
786,585,569,2025-03-07 17:51:29
787,74,737,2024-12-19 03:04:37
788,555,657,2024-11-07 22:19:19
789,396,349,2024-05-30 22:49:38
790,212,505,2025-03-01 07:46:39
791,693,270,2024-11-26 18:53:36
792,889,457,2024-01-02 20:08:54
793,36,218,2024-07-18 20:15:18
794,984,335,2025-01-21 03:56:08
795,308,664,2025-01-20 18:23:29
796,502,481,2024-12-16 05:54:16
797,509,407,2024-01-27 01:18:37
798,631,895,2024-04-05 23:04:59
799,83,876,2024-04-06 08:47:38
800,882,420,2024-08-27 20:56:55
801,201,162,2024-12-18 13:42:40
802,780,455,2024-01-07 23:04:15
803,416,515,2024-02-03 21:08:17
804,43,810,2024-08-28 18:16:57
805,513,33,2024-10-30 15:27:46
806,748,102,2025-01-03 07:57:23
807,30,820,2024-11-06 09:59:00
808,163,268,2024-02-29 04:47:50
809,838,406,2024-07-19 01:27:19
810,947,867,2024-07-16 05:02:39
811,454,856,2024-02-22 06:57:02
812,792,195,2024-08-18 01:56:55
813,722,208,2024-02-24 19:53:15
814,155,724,2024-07-22 01:15:35
815,540,249,2025-02-05 14:30:32
816,917,427,2024-04-05 14:28:48
817,287,694,2024-07-28 18:34:22
818,670,51,2024-09-04 21:12:49
819,896,654,2024-04-26 06:34:56
820,581,918,2024-10-02 00:17:33
821,531,604,2025-01-19 22:54:06
822,705,641,2024-01-13 14:57:33
823,335,434,2024-09-08 09:38:42
824,474,245,2024-10-26 12:03:12
825,16,834,2024-10-31 15:48:58
826,510,307,2024-10-27 15:58:49
827,858,875,2024-10-10 06:21:16
828,27,714,2024-01-26 04:37:17
829,652,24,2024-04-04 06:05:42
830,976,365,2024-10-06 01:13:30
831,596,801,2024-01-17 07:33:08
832,289,163,2024-08-16 13:57:11
833,191,222,2025-01-27 12:20:31
834,753,987,2024-11-21 06:20:20
835,604,964,2024-06-13 14:16:11
836,172,310,2024-05-25 00:03:11
837,495,312,2024-04-19 19:25:17
838,462,357,2025-02-25 00:31:31
839,748,834,2024-07-20 18:00:23
840,519,801,2024-03-13 05:13:22
841,173,165,2025-01-25 22:06:16
842,141,483,2024-12-25 18:00:47
843,872,948,2024-05-05 18:37:47
844,591,778,2024-08-28 05:55:46
845,977,885,2024-03-24 07:24:47
846,86,321,2025-02-02 10:26:22
847,5,354,2025-01-02 15:19:22
848,808,835,2024-10-08 22:00:50
849,420,909,2024-01-09 08:05:31
850,217,946,2024-08-18 11:07:36
851,195,465,2024-07-01 06:29:09
852,162,617,2024-08-25 06:05:48
853,500,976,2024-10-17 13:12:36
854,367,160,2024-07-22 21:04:46
855,43,396,2024-05-24 04:29:14
856,484,768,2024-08-26 19:36:51
857,647,764,2024-06-16 19:30:59
858,946,669,2025-02-26 13:16:25
859,558,151,2024-11-20 18:00:38
860,630,980,2024-04-29 16:26:53
861,11,203,2024-07-15 08:44:41
862,942,410,2024-04-29 02:09:04
863,790,786,2024-12-17 02:09:25
864,424,932,2024-03-15 20:46:16
865,828,119,2024-01-05 20:09:50
866,843,314,2024-04-28 20:06:36
867,92,202,2024-03-22 22:23:59
868,670,734,2024-02-20 11:50:23
869,7,500,2024-03-27 22:25:23
870,637,685,2024-06-15 16:35:31
871,545,622,2024-04-26 20:19:25
872,784,966,2024-12-20 06:35:15
873,560,107,2024-03-24 23:08:46
874,421,880,2024-10-21 10:36:47
875,542,66,2024-11-10 16:26:50
876,206,273,2024-10-13 09:30:54
877,109,394,2024-04-19 13:05:05
878,331,101,2024-10-07 03:00:02
879,141,262,2025-01-11 18:28:18
880,693,850,2024-06-28 19:48:40
881,836,10,2024-02-07 05:44:09
882,122,387,2024-04-13 01:53:13
883,975,380,2024-03-18 12:02:42
884,488,535,2024-10-23 16:00:46
885,461,890,2024-01-16 01:53:07
886,36,191,2024-07-04 05:22:04
887,786,664,2025-01-29 10:49:58
888,459,14,2024-05-22 16:32:52
889,781,741,2024-01-20 03:57:19
890,705,341,2024-01-12 01:50:13
891,137,233,2025-01-30 08:55:54
892,368,470,2025-01-04 19:14:47
893,543,791,2024-11-20 03:04:42
894,905,476,2025-03-09 19:33:09
895,511,833,2024-09-21 01:08:55
896,347,25,2024-03-05 23:21:03
897,827,181,2024-10-10 03:47:41
898,592,547,2024-02-08 20:57:37
899,514,235,2024-01-04 13:06:44
900,330,643,2024-08-20 22:10:37
901,7,659,2024-11-24 05:09:18
902,201,10,2024-04-03 07:36:22
903,702,908,2024-04-30 13:49:02
904,224,760,2024-02-26 15:50:59
905,415,44,2024-09-28 07:02:00
906,414,496,2024-07-12 19:26:27
907,505,543,2025-02-08 00:49:21
908,785,155,2024-04-26 11:11:52
909,669,897,2024-05-30 13:33:01
910,915,304,2024-07-03 02:29:46
911,664,797,2024-03-07 20:54:05
912,869,403,2024-06-02 01:23:06
913,740,450,2024-08-06 13:59:13
914,128,268,2024-08-18 05:02:44
915,266,937,2024-02-05 07:44:46
916,928,926,2024-10-15 14:13:20
917,819,883,2025-01-20 02:12:59
918,251,249,2025-03-09 07:38:40
919,281,390,2024-10-02 04:39:19
920,616,37,2024-01-05 19:13:03
921,315,161,2025-02-09 02:56:31
922,795,672,2024-08-12 04:22:29
923,465,420,2024-11-09 21:45:45
924,107,515,2024-10-08 13:31:30
925,392,677,2024-06-10 11:21:34
926,756,306,2024-07-22 09:36:45
927,170,528,2024-12-02 00:38:36
928,207,49,2025-01-17 08:43:40
929,494,433,2025-01-09 17:43:04
930,824,355,2025-01-08 11:04:22
931,173,453,2025-02-24 03:19:40
932,50,289,2024-03-26 08:16:59
933,673,615,2024-10-02 05:37:25
934,957,556,2024-01-03 20:09:11
935,590,590,2024-08-22 05:41:25
936,51,981,2024-11-12 02:06:37
937,578,825,2024-01-24 06:10:16
938,25,896,2024-11-02 22:47:02
939,649,139,2024-04-07 22:06:27
940,561,36,2024-11-19 01:29:02
941,744,813,2024-02-14 09:33:18
942,533,43,2025-01-05 07:33:13
943,430,426,2024-12-10 04:40:12
944,286,94,2024-09-01 11:49:58
945,118,214,2024-08-20 10:20:35
946,469,660,2025-03-14 10:31:11
947,862,831,2024-05-06 16:42:54
948,784,475,2025-01-15 08:27:34
949,472,169,2024-10-24 15:46:04
950,770,18,2024-12-01 05:07:35
951,835,151,2024-07-24 17:59:30
952,300,924,2024-09-16 11:41:00
953,768,923,2024-07-28 18:02:44
954,588,774,2024-12-20 02:21:35
955,223,388,2024-04-10 00:20:13
956,911,162,2024-05-23 22:33:57
957,676,897,2024-05-31 23:04:19
958,317,982,2024-10-31 18:42:28
959,418,305,2024-05-09 06:36:09
960,313,887,2024-06-23 13:49:03
961,290,781,2024-03-17 15:17:38
962,6,324,2024-08-01 13:03:10
963,236,638,2024-08-16 10:25:23
964,83,856,2024-01-11 23:18:24
965,338,194,2024-09-01 04:27:31
966,461,977,2025-02-21 14:22:39
967,301,683,2025-02-12 16:47:21
968,986,662,2024-03-10 09:46:37
969,417,910,2024-08-31 15:59:13
970,871,207,2024-09-15 08:03:30
971,762,756,2024-07-03 08:52:01
972,806,471,2024-04-15 22:33:16
973,493,989,2024-07-20 11:04:43
974,812,399,2024-09-02 08:17:58
975,993,964,2024-08-08 06:45:44
976,815,388,2024-01-31 16:41:40
977,889,414,2024-06-24 20:21:56
978,607,553,2024-04-24 18:42:06
979,945,48,2025-02-02 09:14:49
980,110,65,2024-07-24 19:05:11
981,830,598,2024-07-27 11:31:07
982,685,642,2025-01-19 02:07:16
983,985,490,2024-04-03 14:48:35
984,419,839,2024-02-27 16:20:42
985,435,536,2024-01-26 22:10:37
986,858,88,2025-01-03 07:22:49
987,888,289,2024-09-24 14:43:27
988,635,281,2024-06-02 10:25:40
989,327,191,2024-11-07 22:25:44
990,523,352,2024-11-03 20:50:00
991,555,916,2025-01-26 22:41:39
992,334,851,2024-03-12 12:09:45
993,836,939,2025-03-10 19:11:42
994,51,476,2024-01-08 21:59:11
995,111,715,2024-06-17 13:12:20
996,497,460,2024-11-23 06:14:47
997,371,497,2024-03-13 12:10:22
998,731,338,2024-10-06 07:30:00
999,878,845,2024-07-11 02:45:26
1000,370,47,2024-10-24 06:37:50
